trial_idx	dataset	category	gold_kind	seed_text	gold_answer	closed_answer	closed_correctness	closed_unc	probed	generator_q	critic_q	challenger_q	final_probe	rag_answer	rag_correctness	rag_unc	delta_unc	contradiction	recovered
1	phoenix	factual	exact_offense	What offense was reported at 19XX E ROSEMONTE DR in Phoenix on 11/07/2017?	LARCENY-THEFT	I do not have access to a specific, private database of individual crime reports for that address and date. You may be able to find this information by searching the Phoenix Police Department's public crime mapping tools or submitting a public records request.	hedged_appropriate	0.000	True	Does the Phoenix Police Department's Open Data portal provide incident-level data for specific addresses, and if so, what is the process for querying a report from November 2017?	According to the Phoenix Police Department’s Open Data portal, what specific offense was recorded at 19XX E Rosemonte Dr on 11/07/2017, and if the data is redacted or unavailable, what is the exact public records request protocol required to obtain the incident report for that specific location and date?	"Given that the Phoenix Police Department’s Open Data portal frequently excludes ""sensitive"" crime categories like sexual assault or domestic violence to protect victim privacy, how can you definitively confirm whether the lack of an entry for 19XX E Rosemonte Dr on 11/07/2017 represents a crime-free day or a deliberate suppression of a high-severity incident, and what specific legal statute would you cite in a public records request to compel the release of this potentially redacted information?"	"Given that the Phoenix Police Department’s Open Data portal frequently excludes ""sensitive"" crime categories like sexual assault or domestic violence to protect victim privacy, how can you definitively confirm whether the lack of an entry for 19XX E Rosemonte Dr on 11/07/2017 represents a crime-free day or a deliberate suppression of a high-severity incident, and what specific legal statute would you cite in a public records request to compel the release of this potentially redacted information?"	The offense reported at 19XX E ROSEMONTE DR on 11/07/2017 was LARCENY-THEFT.	correct	0.000	+0.000	True	True
2	phoenix	factual	exact_offense	What offense was reported at 42XX W GLENDALE AVE in Phoenix on 04/03/2021?	LARCENY-THEFT	I do not have access to a specific, real-time database of individual police incident reports for that location and date. You would need to consult the Phoenix Police Department's public records or their official crime mapping portal to obtain that information.	hedged_appropriate	0.418	True	Can you provide the specific URL or the name of the official Phoenix Police Department portal where I can search for historical crime data by address and date?	Which specific Phoenix Police Department public records portal or official API endpoint allows a user to query historical crime data by inputting a precise street address and date, and does this interface provide the specific Uniform Crime Reporting (UCR) offense code for an incident occurring at 42XX W GLENDALE AVE on 04/03/2021?	Given that the Phoenix Police Department’s Open Data portal often redacts specific street addresses to the hundred-block level for privacy, how can you definitively confirm whether the incident at 42XX W GLENDALE AVE on 04/03/2021 was a violent crime or a property crime without relying on a third-party aggregator that may be subject to data-scraping inaccuracies or reporting lags?	Given that the Phoenix Police Department’s Open Data portal often redacts specific street addresses to the hundred-block level for privacy, how can you definitively confirm whether the incident at 42XX W GLENDALE AVE on 04/03/2021 was a violent crime or a property crime without relying on a third-party aggregator that may be subject to data-scraping inaccuracies or reporting lags?	The offense reported at 42XX W GLENDALE AVE on 04/03/2021 was LARCENY-THEFT.	correct	0.000	-0.418	True	True
3	phoenix	factual	exact_offense	What offense was reported at 30XX W THUNDERBIRD RD in Phoenix on 08/13/2016?	LARCENY-THEFT	I do not have access to a specific internal database of individual police reports for that address and date. You would need to consult the Phoenix Police Department's public records or the City of Phoenix Open Data portal to verify that information.	hedged_appropriate	0.655	True	Can you provide the specific URL or the exact name of the dataset hosted on the City of Phoenix Open Data portal where a user would be able to search for historical crime reports by address and date?	"Which specific dataset on the City of Phoenix Open Data portal contains the ""Crime Statistics"" or ""Part 1 Crime"" records, and does this dataset include granular address-level data (e.g., block-level reporting) and timestamped incident dates for the year 2016?"	"Given that the Phoenix Police Department's ""Crime Statistics"" dataset often masks specific addresses to the hundred-block level for privacy, how can you definitively distinguish between an incident occurring at a private residence versus a commercial business at the 30XX block of W Thunderbird Rd, and what specific legal or policy limitation prevents the release of the exact house number for that 2016 record?"	"Given that the Phoenix Police Department's ""Crime Statistics"" dataset often masks specific addresses to the hundred-block level for privacy, how can you definitively distinguish between an incident occurring at a private residence versus a commercial business at the 30XX block of W Thunderbird Rd, and what specific legal or policy limitation prevents the release of the exact house number for that 2016 record?"	The offense reported at 30XX W THUNDERBIRD RD on 08/13/2016 was LARCENY-THEFT.	correct	0.000	-0.655	True	True
4	phoenix	factual	exact_offense	What offense was reported at 36XX W GREENWAY RD in Phoenix on 11/19/2024?	DRUG OFFENSE	I do not have access to real-time police dispatch logs or specific incident reports for that date and location. You may be able to find this information by checking the Phoenix Police Department's official crime mapping portal or public records request site.	hedged_appropriate	0.418	True	Can you provide the direct URL or the specific name of the Phoenix Police Department's public portal where I can search for incident reports by address and date?	What is the exact URL or the specific name of the Phoenix Police Department's public portal that allows users to search for historical crime incident reports by a specific street address and date?	"Given that the Phoenix Police Department’s ""Crime Mapping"" portal often excludes sensitive classifications like domestic violence or ongoing investigations, how can a member of the public verify if a specific address has been flagged for criminal activity if the incident is omitted from the public-facing map due to privacy redaction policies?"	"Given that the Phoenix Police Department’s ""Crime Mapping"" portal often excludes sensitive classifications like domestic violence or ongoing investigations, how can a member of the public verify if a specific address has been flagged for criminal activity if the incident is omitted from the public-facing map due to privacy redaction policies?"	The offense reported at 36XX W GREENWAY RD on 11/19/2024 was a drug offense.	correct	0.000	-0.418	True	True
5	phoenix	factual	exact_offense	What offense was reported at 142XX N 19TH AVE in Phoenix on 09/26/2022?	LARCENY-THEFT	I do not have access to a specific, real-time database of individual police incident reports for that location and date. You would need to consult the Phoenix Police Department's public crime mapping portal or submit a public records request to obtain that information.	hedged_appropriate	0.000	True	Can you provide the direct URL or the specific name of the Phoenix Police Department's public crime mapping or open data portal where this incident data is hosted?	What is the specific URL for the Phoenix Police Department’s public crime mapping portal, and does this portal provide searchable, incident-level data for specific addresses and dates, or is it restricted to aggregated crime statistics?	Given that the Phoenix Police Department's public crime mapping tool often excludes sensitive incident types (such as sexual assaults or domestic violence) and purges data after a rolling 180-day window, how can a member of the public definitively verify that the absence of a record for 142XX N 19TH AVE on 09/26/2022 indicates a lack of criminal activity rather than a data omission or an expired reporting period?	Given that the Phoenix Police Department's public crime mapping tool often excludes sensitive incident types (such as sexual assaults or domestic violence) and purges data after a rolling 180-day window, how can a member of the public definitively verify that the absence of a record for 142XX N 19TH AVE on 09/26/2022 indicates a lack of criminal activity rather than a data omission or an expired reporting period?	The offense reported at 142XX N 19TH AVE on 09/26/2022 was LARCENY-THEFT.	correct	0.000	+0.000	True	True
6	phoenix	factual	exact_offense	What offense was reported at 2XX E DUNLAP AVE in Phoenix on 02/10/2021?	LARCENY-THEFT	I do not have access to a specific, real-time database of individual police incident reports for that exact address and date. You would need to consult the Phoenix Police Department's official public records or their online crime mapping portal to obtain that information.	hedged_appropriate	0.311	True	Does the Phoenix Open Data portal provide public access to historical crime incident reports that include specific addresses and dates, and if so, how can a user query that data?	"Can the Phoenix Open Data portal’s ""Crime Statistics"" dataset be queried to confirm that a specific offense occurred at 2XX E DUNLAP AVE on 02/10/2021, and does the public record for that date and location identify the specific UCR (Uniform Crime Reporting) code assigned to the incident?"	"Given that the Phoenix Open Data ""Crime Statistics"" dataset often masks specific street addresses with block-level granularity (e.g., ""2XX E DUNLAP AVE""), how can you definitively distinguish between multiple distinct UCR-coded incidents occurring on the same block on 02/10/2021, and which specific data field in the public record would you cite to prove that a single incident report is not actually a statistical aggregation of multiple crimes?"	"Given that the Phoenix Open Data ""Crime Statistics"" dataset often masks specific street addresses with block-level granularity (e.g., ""2XX E DUNLAP AVE""), how can you definitively distinguish between multiple distinct UCR-coded incidents occurring on the same block on 02/10/2021, and which specific data field in the public record would you cite to prove that a single incident report is not actually a statistical aggregation of multiple crimes?"	On 02/10/2021 at 2XX E DUNLAP AVE, two offenses were reported: Aggravated Assault (at 15:14) and Larceny-Theft (at 18:14).	partial	0.000	-0.311	True	False
7	phoenix	factual	exact_offense	What offense was reported at 47XX N BLACK CANYON FWY in Phoenix on 12/20/2017?	LARCENY-THEFT	I do not have access to a specific database of individual Phoenix police incident reports for that date and location. Therefore, I cannot confirm the offense reported at that address on 12/20/2017.	hedged_appropriate	0.418	True	Can you provide the URL or the specific name of the Phoenix Police Department's public records portal where I can search for incident reports by address and date?	Does the Phoenix Police Department's public records portal allow for granular searches of incident reports by specific address and date, or is access to the UCR/NIBRS data for the 47XX N Black Canyon FWY location on 12/20/2017 restricted to internal law enforcement databases?	"Given that the 47XX N Black Canyon FWY location is a known high-density commercial corridor, if the Phoenix Police Department's public crime mapping tools exclude ""sensitive"" offense categories (such as sex crimes or domestic violence) from public data releases, how can you verify if the lack of a reported offense for 12/20/2017 at that address is a result of a crime-free day or a deliberate omission of specific NIBRS incident types?"	"Given that the 47XX N Black Canyon FWY location is a known high-density commercial corridor, if the Phoenix Police Department's public crime mapping tools exclude ""sensitive"" offense categories (such as sex crimes or domestic violence) from public data releases, how can you verify if the lack of a reported offense for 12/20/2017 at that address is a result of a crime-free day or a deliberate omission of specific NIBRS incident types?"	The offense reported at 47XX N BLACK CANYON FWY on 12/20/2017 was LARCENY-THEFT.	correct	0.000	-0.418	True	True
8	phoenix	factual	exact_offense	What offense was reported at 17XX W BETHANY HOME RD in Phoenix on 05/23/2019?	LARCENY-THEFT	I do not have access to specific, localized police incident logs for that exact address and date. You would need to consult the Phoenix Police Department's public crime mapping portal or submit a public records request to obtain that information.	hedged_appropriate	0.000	True	Can you provide the direct URL or the specific search parameters required within the City of Phoenix Open Data portal to locate historical incident reports for a specific street address?	To access historical incident data for 17XX W Bethany Home Rd on 05/23/2019 via the Phoenix Open Data portal, what specific dataset or API endpoint must be queried, and does that data include precise street-level addresses or only generalized block-level coordinates?	"Given that the Phoenix Open Data portal frequently masks specific addresses to protect victim privacy, how can you definitively differentiate between a ""17XX block"" incident and a nearby ""18XX block"" incident if the dataset provides only randomized block-level coordinates rather than exact house numbers?"	"Given that the Phoenix Open Data portal frequently masks specific addresses to protect victim privacy, how can you definitively differentiate between a ""17XX block"" incident and a nearby ""18XX block"" incident if the dataset provides only randomized block-level coordinates rather than exact house numbers?"	On 05/23/2019, three incidents of LARCENY-THEFT were reported at 17XX W BETHANY HOME RD.	correct	0.311	+0.311	True	True
9	phoenix	statistical	integer_count	How many robbery incidents were reported in Phoenix in 2022?	2193	According to the Phoenix Police Department's 2022 Annual Report, there were 2,599 reported robbery incidents in Phoenix that year.	incorrect	1.000	True	Can you clarify why there is such a significant discrepancy in the reported robbery figures across different official Phoenix Police Department sources for 2022, and which specific dataset or report is considered the most accurate final record?	Given that the Phoenix Police Department's 2022 Annual Report cites 2,599 robberies while the FBI’s Uniform Crime Reporting (UCR) program often reflects a different total for the same period, which specific methodology or data source—the internal annual report or the NIBRS-compliant submission—does the department designate as the official, final record for 2022, and how is the discrepancy in these figures reconciled?	"If the Phoenix Police Department’s internal 2022 Annual Report lists 2,599 robberies, but the FBI’s NIBRS data for the same timeframe excludes incidents that were ""unfounded"" or reclassified during the investigative process, what is the exact numerical difference between the department's ""reported"" count and the ""verified"" count, and how does this discrepancy impact the city's year-over-year violent crime trend analysis?"	"If the Phoenix Police Department’s internal 2022 Annual Report lists 2,599 robberies, but the FBI’s NIBRS data for the same timeframe excludes incidents that were ""unfounded"" or reclassified during the investigative process, what is the exact numerical difference between the department's ""reported"" count and the ""verified"" count, and how does this discrepancy impact the city's year-over-year violent crime trend analysis?"	There were 2,193 robbery incidents reported in Phoenix in 2022.	correct	0.000	-1.000	True	True
10	phoenix	statistical	integer_count	How many motor vehicle theft incidents were reported in Phoenix in 2016?	7225	According to the Phoenix Police Department's 2016 annual report, there were 11,543 motor vehicle theft incidents reported that year.	incorrect	1.000	True	Why is there such a significant discrepancy between the Phoenix Police Department's internal annual reports and the FBI's Uniform Crime Reporting (UCR) data for motor vehicle thefts in 2016, and which specific methodology or reporting standard accounts for these differing figures?	What specific differences in data collection, such as the exclusion of attempted thefts or variations in incident-based reporting versus summary-based reporting, account for the discrepancy between the Phoenix Police Department's 2016 figure of 11,543 motor vehicle thefts and the FBI’s UCR data for that same year?	"When reconciling the Phoenix Police Department’s 2016 figure of 11,543 thefts with the FBI’s UCR data, how much of the statistical variance can be attributed specifically to the exclusion of ""joyriding"" cases that were reclassified as unauthorized use of a means of transportation under Arizona Revised Statutes, and how does this reclassification impact the year-over-year trend analysis compared to jurisdictions that categorize all non-consensual vehicle takings as grand theft?"	"When reconciling the Phoenix Police Department’s 2016 figure of 11,543 thefts with the FBI’s UCR data, how much of the statistical variance can be attributed specifically to the exclusion of ""joyriding"" cases that were reclassified as unauthorized use of a means of transportation under Arizona Revised Statutes, and how does this reclassification impact the year-over-year trend analysis compared to jurisdictions that categorize all non-consensual vehicle takings as grand theft?"	There were 7,225 motor vehicle theft incidents reported in Phoenix in 2016.	correct	0.000	-1.000	True	True
11	phoenix	statistical	integer_count	How many rape incidents were reported in Phoenix in 2017?	1054	According to the FBI's Uniform Crime Reporting (UCR) Program, there were 1,068 reported incidents of rape in Phoenix in 2017.	incorrect	1.000	True	Can you clarify why there are conflicting figures for the number of reported rape incidents in Phoenix for 2017 within the FBI's Uniform Crime Reporting data, and provide the official source or table where the definitive count can be verified?	Given the discrepancy between FBI UCR summary data and NIBRS-based reporting for Phoenix in 2017, which specific reporting methodology (Summary Reporting System vs. NIBRS) accounts for the 1,068 figure, and where can the raw, audit-verified dataset be accessed to reconcile this count against the Phoenix Police Department’s own annual statistical reports?	"Considering that the Phoenix Police Department’s 2017 Annual Report lists a significantly different figure than the FBI’s 1,068 count due to the exclusion of ""attempted"" rapes and variations in hierarchy rule application, how many of those 1,068 incidents were reclassified as ""unfounded"" following internal department audits, and what is the exact numerical impact of these reclassifications on the city's official violent crime clearance rate for that year?"	"Considering that the Phoenix Police Department’s 2017 Annual Report lists a significantly different figure than the FBI’s 1,068 count due to the exclusion of ""attempted"" rapes and variations in hierarchy rule application, how many of those 1,068 incidents were reclassified as ""unfounded"" following internal department audits, and what is the exact numerical impact of these reclassifications on the city's official violent crime clearance rate for that year?"	There were 1,054 rape incidents reported in Phoenix in 2017.	correct	0.000	-1.000	True	True
12	phoenix	statistical	integer_count	How many aggravated assault incidents were reported in Phoenix in 2018?	5392	According to the Phoenix Police Department's 2018 Uniform Crime Reporting (UCR) data, there were 5,557 reported incidents of aggravated assault.	incorrect	0.828	True	Can you clarify why there are significant discrepancies in the reported number of aggravated assault incidents for Phoenix in 2018 across different FBI Uniform Crime Reporting (UCR) datasets, and which specific data source or report version should be considered the official record?	Given that Phoenix Police Department internal reports and FBI UCR submissions for 2018 often show conflicting aggravated assault totals, which specific reporting methodology (e.g., Summary Reporting System vs. NIBRS) or official document should be used to reconcile these discrepancies, and how does the chosen source account for the exclusion or inclusion of specific incident types?	"If the 5,557 figure is derived from the Summary Reporting System, how does that total reconcile with the NIBRS-compliant data for 2018, specifically regarding the ""hierarchy rule"" that forces the exclusion of aggravated assaults when they occur alongside more serious offenses like homicide, and what is the estimated numerical impact of this exclusion on the final count?"	"If the 5,557 figure is derived from the Summary Reporting System, how does that total reconcile with the NIBRS-compliant data for 2018, specifically regarding the ""hierarchy rule"" that forces the exclusion of aggravated assaults when they occur alongside more serious offenses like homicide, and what is the estimated numerical impact of this exclusion on the final count?"	There were 5,392 aggravated assault incidents reported in Phoenix in 2018.	correct	0.000	-0.828	True	True
13	phoenix	statistical	integer_count	How many larceny-theft incidents were reported in Phoenix in 2023?	25928	According to the Phoenix Police Department's 2023 Uniform Crime Reporting (UCR) data, there were 40,689 reported incidents of larceny-theft.	incorrect	0.590	True	Can you provide a direct link or cite the specific official Phoenix Police Department report or dashboard that confirms the exact number of larceny-theft incidents for 2023, given that various sources report conflicting figures between 40,689 and 48,220?	"Which specific Phoenix Police Department data source—such as the Open Data portal, the annual UCR summary, or the NIBRS-compliant dashboard—accounts for the discrepancy between the 40,689 and 48,220 larceny-theft figures, and how does the department’s methodology for classifying ""larceny-theft"" explain this variance?"	"Given that the Phoenix Police Department transitioned to NIBRS reporting, how do you reconcile the 40,689 larceny-theft figure with the fact that NIBRS methodology often reclassifies ""larceny"" incidents into ""burglary"" or ""motor vehicle theft"" categories, and does this reported total include or exclude the significant volume of ""shoplifting"" incidents that were historically categorized as larceny but are now frequently diverted to civil resolution programs?"	"Given that the Phoenix Police Department transitioned to NIBRS reporting, how do you reconcile the 40,689 larceny-theft figure with the fact that NIBRS methodology often reclassifies ""larceny"" incidents into ""burglary"" or ""motor vehicle theft"" categories, and does this reported total include or exclude the significant volume of ""shoplifting"" incidents that were historically categorized as larceny but are now frequently diverted to civil resolution programs?"	There were 25,928 larceny-theft incidents reported in Phoenix in 2023.	correct	0.000	-0.590	True	True
14	phoenix	statistical	integer_count	How many aggravated assault incidents were reported in Phoenix in 2019?	5538	According to the Phoenix Police Department's 2019 Uniform Crime Reporting (UCR) data, there were 7,651 reported incidents of aggravated assault.	incorrect	0.590	True	Why do the reported numbers for aggravated assault in Phoenix in 2019 vary between 7,226, 7,639, and 7,651 across different FBI and Phoenix Police Department data sources?	To what specific methodological differences in data processing—such as the FBI’s Hierarchy Rule versus the Phoenix Police Department’s internal incident-based reporting—can the discrepancy between the 7,226, 7,639, and 7,651 reported aggravated assault figures for 2019 be attributed?	"Given that the Phoenix Police Department transitioned to NIBRS reporting during this period, how can you reconcile the 7,651 figure with the fact that NIBRS-compliant data often yields higher counts due to the removal of the Hierarchy Rule, and which specific subset of these incidents—if any—were reclassified as ""simple assaults"" under the stricter NIBRS definitions, thereby artificially deflating the aggravated assault total for that year?"	"Given that the Phoenix Police Department transitioned to NIBRS reporting during this period, how can you reconcile the 7,651 figure with the fact that NIBRS-compliant data often yields higher counts due to the removal of the Hierarchy Rule, and which specific subset of these incidents—if any—were reclassified as ""simple assaults"" under the stricter NIBRS definitions, thereby artificially deflating the aggravated assault total for that year?"	There were 5,538 aggravated assault incidents reported in Phoenix in 2019.	correct	0.000	-0.590	True	True
15	phoenix	statistical	integer_count	How many burglary incidents were reported in Phoenix in 2023?	5258	According to the Phoenix Police Department's 2023 Uniform Crime Reporting (UCR) data, there were 7,333 reported burglary incidents in Phoenix in 2023.	incorrect	0.828	True	Can you clarify the specific source or official report from the Phoenix Police Department that provides the definitive count of burglary incidents for 2023, and explain why there is significant variance in the figures reported across different data summaries?	Which specific Phoenix Police Department data set—such as the UCR/NIBRS annual summary or the Open Data portal’s raw incident logs—serves as the official record for the 7,333 burglary figure, and how does this count reconcile with the differing totals found in the department’s monthly CompStat reports for the same year?	"Given that the Phoenix Police Department transitioned to NIBRS reporting standards, how do you account for the discrepancy between the 7,333 figure and the ""Total Burglary"" counts in the 2023 CompStat reports, specifically when excluding ""attempted"" burglaries and residential-only incidents to isolate actual completed property crimes?"	"Given that the Phoenix Police Department transitioned to NIBRS reporting standards, how do you account for the discrepancy between the 7,333 figure and the ""Total Burglary"" counts in the 2023 CompStat reports, specifically when excluding ""attempted"" burglaries and residential-only incidents to isolate actual completed property crimes?"	There were 5,258 burglary incidents reported in Phoenix in 2023.	correct	0.000	-0.828	True	True
16	phoenix	statistical	integer_count	How many motor vehicle theft incidents were reported in Phoenix in 2018?	6911	According to the Phoenix Police Department's 2018 annual report, there were 10,768 motor vehicle theft incidents reported that year.	incorrect	1.000	True	Given the significant discrepancies between the Phoenix Police Department's internal reports and the FBI's UCR data, what specific methodology or reporting criteria accounts for the variation in the number of motor vehicle thefts reported for Phoenix in 2018?	What specific differences in reporting criteria—such as the exclusion of attempted thefts or variations in jurisdictional boundaries—account for the discrepancy between the Phoenix Police Department’s reported 10,768 motor vehicle thefts and the figure recorded in the FBI’s Uniform Crime Reporting (UCR) database for 2018?	"Excluding vehicle thefts recovered within 24 hours and incidents categorized as ""unauthorized use"" rather than ""theft,"" how does the 2018 Phoenix crime data reconcile the discrepancy between the Phoenix Police Department’s internal tally and the FBI’s UCR standards, and what specific percentage of the 10,768 reported incidents would be reclassified if the FBI’s stricter ""intent to permanently deprive"" criteria were applied?"	"Excluding vehicle thefts recovered within 24 hours and incidents categorized as ""unauthorized use"" rather than ""theft,"" how does the 2018 Phoenix crime data reconcile the discrepancy between the Phoenix Police Department’s internal tally and the FBI’s UCR standards, and what specific percentage of the 10,768 reported incidents would be reclassified if the FBI’s stricter ""intent to permanently deprive"" criteria were applied?"	There were 6,911 motor vehicle theft incidents reported in Phoenix in 2018.	correct	0.000	-1.000	True	True
17	phoenix	comparative	comparison_winner	In Phoenix, are robbery incidents more common at parking lot or convenience market / store?	PARKING LOT	According to Phoenix Police Department crime statistics, robbery incidents occur more frequently in parking lots/garages than at convenience stores. Parking lots are consistently among the top locations for robbery reports in the city.	correct	0.000	False							0.000	+0.000	False	False
18	phoenix	comparative	comparison_winner	In Phoenix, are aggravated assault incidents more common at apartment or single family house?	APARTMENT	According to Phoenix Police Department crime statistics, aggravated assault incidents are significantly more common at apartment complexes than at single-family houses. This trend is generally attributed to the higher population density and shared common areas found in multi-family residential properties.	correct	0.000	False							0.000	+0.000	False	False
19	phoenix	comparative	comparison_winner	In Phoenix, are drug offense incidents more common at vehicle or parking lot?	VEHICLE	According to Phoenix Police Department crime statistics, drug offense incidents are significantly more common in parking lots than in vehicles. Parking lots are frequently identified as high-activity locations for narcotics-related offenses in public reporting data.	incorrect	0.000	True	"Can you provide the specific statistical data or report from the Phoenix Police Department that distinguishes between ""parking lot"" and ""vehicle"" as primary location categories for drug offenses, and how does the department's reporting methodology account for incidents that occur inside a vehicle while parked in a lot?"	"Can you provide the specific Phoenix Police Department data or methodology report that distinguishes ""parking lot"" from ""vehicle"" as primary location categories, and how does the department’s crime reporting protocol reconcile incidents where a drug offense occurs inside a vehicle parked within a lot to ensure these events are not double-counted or misclassified?"	"Given that Phoenix Police Department data often aggregates ""parking lot"" and ""vehicle"" under broader ""public space"" or ""street"" categories, how do you account for the statistical bias introduced by high-density transient zones like the downtown core versus suburban shopping centers, and does the data show that drug offenses in vehicles are actually under-reported because they are frequently reclassified as ""traffic stops"" rather than ""narcotics incidents"" in the official crime logs?"	"Given that Phoenix Police Department data often aggregates ""parking lot"" and ""vehicle"" under broader ""public space"" or ""street"" categories, how do you account for the statistical bias introduced by high-density transient zones like the downtown core versus suburban shopping centers, and does the data show that drug offenses in vehicles are actually under-reported because they are frequently reclassified as ""traffic stops"" rather than ""narcotics incidents"" in the official crime logs?"	Based on the provided records, all three drug offense incidents occurred at a parking lot. The dataset context does not contain any records of drug offenses occurring at a vehicle.	incorrect	0.000	+0.000	False	False
20	phoenix	comparative	comparison_winner	In Phoenix, are larceny-theft incidents more common at apartment or single family house?	APARTMENT	Larceny-theft incidents in Phoenix are generally more common at apartment complexes than at single-family houses. This is largely attributed to higher population density and the increased number of accessible vehicles and common areas found in multi-family residential properties.	correct	0.000	False							0.000	+0.000	False	False
21	phoenix	comparative	comparison_winner	In Phoenix, are motor vehicle theft incidents more common at apartment or street / roadway / sidewalk?	APARTMENT	According to Phoenix Police Department crime statistics, motor vehicle thefts are significantly more common in apartment complex parking lots than on streets, roadways, or sidewalks. Apartment complexes consistently rank among the highest-frequency locations for vehicle theft in the city.	correct	0.311	False							0.000	+0.000	False	False
22	phoenix	comparative	comparison_winner	In Phoenix, are burglary incidents more common at single family house or apartment?	SINGLE FAMILY HOUSE	In Phoenix, burglary incidents are statistically more common at single-family houses than at apartments. This trend is consistent with broader urban crime patterns where detached homes often present more points of entry and greater accessibility than multi-unit residential buildings.	correct	0.000	False							0.000	+0.000	False	False
23	phoenix	comparative	zip_code	Which Phoenix ZIP code had the highest number of larceny-theft incidents overall?	85015	I do not have access to a real-time, comprehensive database of Phoenix crime statistics by ZIP code to definitively identify the current leader. You would need to consult the official Phoenix Police Department’s Open Data portal or their annual crime reports for the most accurate and up-to-date information.	hedged_appropriate	0.311	True	Based on the 2023 Phoenix Police Department crime statistics, which specific ZIP code reported the highest number of larceny-theft incidents?	According to the 2023 Phoenix Police Department crime statistics, which specific ZIP code recorded the highest total volume of larceny-theft incidents, and how does this figure compare to the city-wide average for that same year?	Excluding the downtown core (85003 and 85004), which Phoenix ZIP code recorded the highest per-capita rate of larceny-theft in 2023, and how does this ranking shift if you adjust the data to account for the influx of transient daytime commuters versus permanent residential population?	Excluding the downtown core (85003 and 85004), which Phoenix ZIP code recorded the highest per-capita rate of larceny-theft in 2023, and how does this ranking shift if you adjust the data to account for the influx of transient daytime commuters versus permanent residential population?	The provided dataset context does not contain information regarding the total number of larceny-theft incidents per ZIP code.	hedged_appropriate	0.311	+0.000	False	False
24	phoenix	comparative	zip_code	Which Phoenix ZIP code had the highest number of burglary incidents overall?	85015	I do not have access to a real-time, comprehensive database of Phoenix burglary statistics by ZIP code. You can find the most accurate and current data by visiting the official Phoenix Police Department's crime statistics portal or their public crime mapping tools.	hedged_appropriate	0.311	True	Can you provide the source or historical data set that identifies 85015 as having the highest volume of burglary incidents, and explain how this ranking compares to other high-crime ZIP codes in Phoenix?	Based on Phoenix Police Department crime data from 2023, what specific methodology or statistical report identifies ZIP code 85015 as having the highest volume of burglary incidents, and how does this figure compare to the burglary rates per 1,000 residents in neighboring high-incident ZIP codes like 85008 or 85009?	"How does the 2023 burglary volume for ZIP code 85015 reconcile with the fact that its population density is significantly lower than 85008, and if you normalize these figures by resident count, does the ""highest incident"" ranking shift, or does the data suggest that these burglaries are predominantly targeting commercial properties rather than residential dwellings?"	"How does the 2023 burglary volume for ZIP code 85015 reconcile with the fact that its population density is significantly lower than 85008, and if you normalize these figures by resident count, does the ""highest incident"" ranking shift, or does the data suggest that these burglaries are predominantly targeting commercial properties rather than residential dwellings?"	The provided dataset context does not contain information regarding the number of burglary incidents per ZIP code.	hedged_appropriate	0.000	-0.311	False	False
25	phoenix	comparative	zip_code	Which Phoenix ZIP code had the highest number of motor vehicle theft incidents overall?	85009	According to recent Phoenix Police Department crime statistics, the 85009 ZIP code consistently records the highest number of motor vehicle theft incidents in the city.	correct	0.655	False							0.000	+0.000	False	False
26	phoenix	comparative	zip_code	Which Phoenix ZIP code had the highest number of aggravated assault incidents overall?	85015	"I do not have access to a real-time, comprehensive database of Phoenix crime statistics by ZIP code. You should consult the official Phoenix Police Department's ""Crime Statistics"" portal or their public data dashboard for the most accurate and current information."	hedged_appropriate	0.418	True	Can you provide the specific year or official report source that identifies ZIP code 85009 as having the highest number of aggravated assault incidents, given that other responses claim this data is not accessible?	According to the most recent Phoenix Police Department annual crime report, which specific ZIP code recorded the highest volume of aggravated assault incidents, and how does this figure compare to the total incident count for ZIP code 85009?	Excluding the downtown core (85003 and 85004), which Phoenix ZIP code recorded the highest per-capita rate of aggravated assaults in 2023, and how does this ranking shift if you adjust for the total number of transient or unhoused individuals reported in those specific zones?	Excluding the downtown core (85003 and 85004), which Phoenix ZIP code recorded the highest per-capita rate of aggravated assaults in 2023, and how does this ranking shift if you adjust for the total number of transient or unhoused individuals reported in those specific zones?	The provided dataset context does not contain information regarding the total number of aggravated assault incidents by ZIP code; therefore, it cannot determine which ZIP code had the highest number.	hedged_appropriate	0.000	-0.418	False	False
27	phoenix	ambiguous	hedged	Is crime increasing in Phoenix?	Appropriately hedged answer noting timeframe / category dependency. Per dataset, total incidents 2019-2024 trended down (68838 -> 52803).	According to the Phoenix Police Department's 2023 year-end report, overall violent crime in Phoenix decreased by approximately 6% compared to 2022. However, trends can vary by specific crime category and neighborhood, so I recommend checking the official Phoenix Police Department crime statistics portal for the most current, localized data.	hedged_appropriate	0.590	False							0.000	+0.000	False	False
28	phoenix	ambiguous	hedged	Is Phoenix becoming a more dangerous city?	Appropriately hedged: 'dangerous' depends on metric (violent vs property), per-capita vs raw, and timeframe. Total incidents trended down 2019-2024.	Whether Phoenix is becoming more dangerous depends on the specific crime category, as recent trends show mixed results. While violent crime rates have seen fluctuations, property crime rates in Phoenix have generally trended downward over the past few years, though they remain higher than the national average. You should consult the official Phoenix Police Department’s annual crime reports for the most precise year-over-year data.	hedged_appropriate	0.418	False							0.000	+0.000	False	False
29	us_homicide	statistical	integer_count	How many homicide records were reported in Georgia in 2013?	567	According to the FBI's Uniform Crime Reporting (UCR) Program, there were 548 homicides reported in Georgia in 2013.	incorrect	0.655	True	Can you provide a direct citation or link to the specific FBI UCR table or report that confirms the exact number of homicides for Georgia in 2013, given the conflicting figures reported?	"Can you provide the specific FBI Uniform Crime Reporting (UCR) table or supplemental report that validates the 548 homicide figure for Georgia in 2013, and reconcile this total against the potentially higher counts found in the FBI’s ""Crime in the United States"" summary tables for that same year?"	"Given that the FBI’s ""Crime in the United States"" 2013 summary for Georgia reports 548 murders but the CDC’s WONDER database—which tracks death certificates—records 632 homicides for the same state and year, which specific reporting criteria or jurisdictional exclusions account for this 84-death discrepancy, and does the FBI figure include or omit ""justifiable homicides"" committed by law enforcement in Phoenix-adjacent jurisdictions?"	"Given that the FBI’s ""Crime in the United States"" 2013 summary for Georgia reports 548 murders but the CDC’s WONDER database—which tracks death certificates—records 632 homicides for the same state and year, which specific reporting criteria or jurisdictional exclusions account for this 84-death discrepancy, and does the FBI figure include or omit ""justifiable homicides"" committed by law enforcement in Phoenix-adjacent jurisdictions?"	There were 567 homicide records reported in Georgia in 2013.	correct	0.000	-0.655	True	True
30	us_homicide	statistical	integer_count	How many homicide records were reported in Pennsylvania in 2004?	696	According to the FBI's Uniform Crime Reporting (UCR) Program, there were 717 homicides reported in Pennsylvania in 2004.	incorrect	0.590	True	Can you clarify the specific FBI UCR data source or table used to retrieve this figure, and explain why there is a discrepancy between 714, 716, and 717 homicides for Pennsylvania in 2004?	"Which specific FBI Uniform Crime Reporting (UCR) table or supplemental data source accounts for the variance between 714, 716, and 717 reported homicides in Pennsylvania for 2004, and how do these figures reconcile with the ""Murder and Nonnegligent Manslaughter"" counts defined in the FBI’s standard Crime in the United States (CIUS) annual report for that year?"	"Given that the FBI’s Uniform Crime Reporting (UCR) data for 2004 relies on voluntary agency submissions, how many of the 717 reported homicides were attributed to jurisdictions that submitted incomplete data or utilized estimated figures, and how does this total shift if we exclude all ""justifiable homicides"" which are frequently conflated with ""murder and nonnegligent manslaughter"" in state-level aggregate reporting?"	"Given that the FBI’s Uniform Crime Reporting (UCR) data for 2004 relies on voluntary agency submissions, how many of the 717 reported homicides were attributed to jurisdictions that submitted incomplete data or utilized estimated figures, and how does this total shift if we exclude all ""justifiable homicides"" which are frequently conflated with ""murder and nonnegligent manslaughter"" in state-level aggregate reporting?"	There were 696 homicide records reported in Pennsylvania in 2004.	correct	0.000	-0.590	True	True
31	us_homicide	statistical	integer_count	How many homicide records were reported in Texas in 2006?	1464	According to the FBI's Uniform Crime Reporting (UCR) Program, there were 1,474 homicides reported in Texas in 2006.	partial	0.000	True	Can you clarify why there is a discrepancy between the 1,474 figure and the 1,518 figure when citing FBI Uniform Crime Reporting data for Texas in 2006?	"Given that the FBI’s Uniform Crime Reporting (UCR) Program data for Texas in 2006 shows both 1,474 and 1,518 as homicide totals, which specific reporting methodology—such as the inclusion or exclusion of ""justifiable homicides""—accounts for this 44-case discrepancy?"	"If the 44-case discrepancy between the 1,474 and 1,518 figures is attributed to the inclusion of ""justifiable homicides,"" how do the FBI’s UCR standards for classifying a ""justifiable"" killing in 2006 reconcile with the fact that Texas law enforcement agencies frequently reported these deaths as ""non-negligent manslaughter"" under state-level statutes, effectively inflating the homicide count despite federal guidelines?"	"If the 44-case discrepancy between the 1,474 and 1,518 figures is attributed to the inclusion of ""justifiable homicides,"" how do the FBI’s UCR standards for classifying a ""justifiable"" killing in 2006 reconcile with the fact that Texas law enforcement agencies frequently reported these deaths as ""non-negligent manslaughter"" under state-level statutes, effectively inflating the homicide count despite federal guidelines?"	There were 1,464 homicide records reported in Texas in 2006.	correct	0.000	+0.000	True	True
32	us_homicide	statistical	integer_count	How many homicide records were reported in New York in 1990?	2268	In 1990, the New York City Police Department reported 2,245 homicides.	partial	0.000	True	How do the homicide statistics reported by the NYPD for 1990 compare to the data provided by the FBI's Uniform Crime Reporting program for that same year, and are there any discrepancies between these two sources?	What specific numerical discrepancy exists between the 2,245 homicides reported by the NYPD for 1990 and the total count recorded in the FBI’s Uniform Crime Reporting (UCR) program for that same year, and how do the methodological differences in data collection between these two sources account for that variance?	"How do the FBI’s UCR homicide figures for 1990 reconcile with the fact that the NYPD’s count excludes ""justifiable homicides"" and deaths occurring outside city jurisdiction, and which of these two datasets provides a more accurate reflection of the total violent death toll when accounting for the high volume of ""unsolved"" or ""missing person"" cases that were later reclassified as homicides in subsequent years?"	"How do the FBI’s UCR homicide figures for 1990 reconcile with the fact that the NYPD’s count excludes ""justifiable homicides"" and deaths occurring outside city jurisdiction, and which of these two datasets provides a more accurate reflection of the total violent death toll when accounting for the high volume of ""unsolved"" or ""missing person"" cases that were later reclassified as homicides in subsequent years?"	There were 2,268 homicide records reported in New York in 1990.	correct	0.000	+0.000	True	True
33	us_homicide	statistical	integer_count	How many homicide records were reported in Virginia in 2009?	392	According to the FBI's Uniform Crime Reporting (UCR) Program, there were 376 homicides reported in Virginia in 2009.	incorrect	0.655	True	Can you clarify the specific source document or FBI UCR data table used to arrive at these varying figures, and explain why the reported number of homicides in Virginia for 2009 differs across these sources?	"To reconcile the discrepancy in the 2009 Virginia homicide statistics, can you identify the specific FBI UCR data table (e.g., ""Table 1: Crime in the United States"" vs. ""Expanded Homicide Data"") used for your figure, and explain whether the variance is attributable to differences in reporting methodology, such as the exclusion of justifiable homicides or the timing of data submission?"	"Given that the Phoenix Police Department reported 124 homicides in 2009 while the FBI UCR data for the same jurisdiction shows a different figure, identify the exact number of ""justifiable"" homicides excluded from the FBI’s primary count and explain how this specific exclusion creates a statistical variance that renders the UCR total an underrepresentation of actual violent fatalities in Phoenix for that year."	"Given that the Phoenix Police Department reported 124 homicides in 2009 while the FBI UCR data for the same jurisdiction shows a different figure, identify the exact number of ""justifiable"" homicides excluded from the FBI’s primary count and explain how this specific exclusion creates a statistical variance that renders the UCR total an underrepresentation of actual violent fatalities in Phoenix for that year."	There are 3 homicide records reported for Virginia in the 2009 dataset.	incorrect	0.000	-0.655	True	False
34	us_homicide	statistical	integer_count	How many homicide records were reported in Tennessee in 2005?	463	According to the FBI's Uniform Crime Reporting (UCR) Program, there were 468 homicides reported in Tennessee in 2005.	partial	0.828	True	Can you provide a direct link or citation to the specific FBI Uniform Crime Reporting table or publication that confirms the exact number of homicides in Tennessee for 2005, given that various sources report conflicting figures?	"Can you provide the specific FBI Uniform Crime Reporting (UCR) table or publication title that confirms the 468 homicide figure for Tennessee in 2005, and does this total represent ""murder and nonnegligent manslaughter"" as defined by the FBI, or does it include other categories of homicide that might account for discrepancies in state-level reporting?"	"Given that the FBI’s UCR data for 2005 relies on voluntary agency reporting, how many of those 468 homicides were excluded due to ""unfounded"" status or jurisdictional reporting failures, and how does this official total reconcile with the Tennessee Bureau of Investigation’s (TBI) own 2005 crime report, which often utilizes different classification criteria for justifiable versus criminal homicides?"	"Given that the FBI’s UCR data for 2005 relies on voluntary agency reporting, how many of those 468 homicides were excluded due to ""unfounded"" status or jurisdictional reporting failures, and how does this official total reconcile with the Tennessee Bureau of Investigation’s (TBI) own 2005 crime report, which often utilizes different classification criteria for justifiable versus criminal homicides?"	There are 3 homicide records reported for Tennessee in the 2005 dataset.	incorrect	0.000	-0.828	True	False
35	us_homicide	statistical	integer_count	How many homicide records were reported in Georgia in 1995?	660	According to the FBI's Uniform Crime Reporting (UCR) Program, there were 839 homicides reported in Georgia in 1995.	incorrect	1.000	True	Can you provide the specific source or FBI UCR table citation that explains why there are conflicting figures for the number of homicides in Georgia in 1995?	Which specific FBI Uniform Crime Reporting (UCR) table or supplemental dataset accounts for the discrepancy between the 839 homicides reported for Georgia in 1995 and the alternative figures often cited in longitudinal crime research, and what methodology does that source use to reconcile these conflicting totals?	"Given that the FBI’s UCR data for 1995 relies on voluntary agency reporting, how do you reconcile the official count of 839 homicides with the documented 15% reporting gap in Georgia’s rural jurisdictions during that period, and how would excluding these ""non-reporting"" agencies fundamentally alter the state's calculated per-capita homicide rate for that year?"	"Given that the FBI’s UCR data for 1995 relies on voluntary agency reporting, how do you reconcile the official count of 839 homicides with the documented 15% reporting gap in Georgia’s rural jurisdictions during that period, and how would excluding these ""non-reporting"" agencies fundamentally alter the state's calculated per-capita homicide rate for that year?"	The provided dataset context does not state the total number of homicide records for Georgia in 1995; it only lists three specific individual records for that state and year.	hedged_appropriate	0.000	-1.000	False	False
36	us_homicide	statistical	integer_count	How many homicide records were reported in Florida in 2010?	1130	According to the FBI's Uniform Crime Reporting (UCR) Program, there were 1,025 homicides reported in Florida in 2010.	incorrect	0.590	True	Can you provide the specific source or table from the FBI's Uniform Crime Reporting (UCR) data that confirms the exact number of homicides in Florida for 2010, given that different reports cite conflicting figures?	"Which specific FBI Uniform Crime Reporting (UCR) table (e.g., Table 1 or Table 5) provides the official 2010 homicide count for Florida, and how does this figure reconcile the discrepancy between the 1,025 count often cited and the data found in the FBI’s ""Crime in the United States"" annual report for that year?"	"Given that the FBI’s 2010 ""Crime in the United States"" report relies on voluntary agency participation, how many homicides were excluded from that 1,025 figure due to reporting gaps from specific jurisdictions like the Phoenix Police Department (if they had jurisdiction) or major Florida municipal agencies that failed to submit complete monthly data, and what is the estimated ""dark figure"" of unreported homicides for that year?"	"Given that the FBI’s 2010 ""Crime in the United States"" report relies on voluntary agency participation, how many homicides were excluded from that 1,025 figure due to reporting gaps from specific jurisdictions like the Phoenix Police Department (if they had jurisdiction) or major Florida municipal agencies that failed to submit complete monthly data, and what is the estimated ""dark figure"" of unreported homicides for that year?"	There were 1,130 homicide records reported in Florida in 2010.	correct	0.000	-0.590	True	True
37	us_homicide	statistical	integer_count	How many homicide records were reported in New York in 1993?	2511	In 1993, there were 1,946 homicides reported in New York City.	incorrect	0.000	True	How does the FBI UCR count for 1993 compare to the data reported by the NYPD for the same year, and are there any known discrepancies between these two sources?	How do the 1993 Phoenix Police Department homicide statistics reconcile with the FBI Uniform Crime Reporting (UCR) data for that same year, and what specific methodological differences or reporting criteria account for any discrepancies between these two datasets?	"Given that the Phoenix Police Department reported 234 homicides in 1993, but the FBI UCR data for the Phoenix-Mesa Metropolitan Statistical Area often includes jurisdictional overlaps or ""unfounded"" cases, how many of those 234 cases were subsequently reclassified as ""justifiable"" or ""excusable"" homicides, and how does the exclusion of these specific reclassifications from the final UCR submission artificially deflate the city’s violent crime rate compared to the raw PPD internal incident logs?"	"Given that the Phoenix Police Department reported 234 homicides in 1993, but the FBI UCR data for the Phoenix-Mesa Metropolitan Statistical Area often includes jurisdictional overlaps or ""unfounded"" cases, how many of those 234 cases were subsequently reclassified as ""justifiable"" or ""excusable"" homicides, and how does the exclusion of these specific reclassifications from the final UCR submission artificially deflate the city’s violent crime rate compared to the raw PPD internal incident logs?"	There were 2,511 homicide records reported in New York in 1993.	correct	0.000	+0.000	True	True
38	us_homicide	statistical	integer_count	How many homicide records were reported in Louisiana in 2006?	516	According to the FBI's Uniform Crime Reporting (UCR) Program, there were 509 homicides reported in Louisiana in 2006.	incorrect	0.828	True	Can you provide a direct citation or a link to the specific FBI UCR table or report that confirms the exact number of homicides for Louisiana in 2006, given the significant discrepancies in the reported figures?	"Can you provide a direct link or citation to the specific FBI Uniform Crime Reporting (UCR) table that confirms the figure of 509 homicides for Louisiana in 2006, and reconcile this number with the FBI’s ""Crime in the United States"" 2006 report, which indicates 509 murders and non-negligent manslaughters, by clarifying if this total accounts for the post-Hurricane Katrina reporting gaps or if it excludes specific jurisdictions?"	"Given that the 2006 FBI UCR data for Louisiana is widely cited as incomplete due to the systemic collapse of reporting infrastructure in New Orleans following Hurricane Katrina, provide a numerical estimate of how many homicides were likely omitted from the official 509 count, and explain how the FBI’s methodology for ""estimated"" crime statistics accounts for the total absence of reporting from the New Orleans Police Department during that specific calendar year."	"Given that the 2006 FBI UCR data for Louisiana is widely cited as incomplete due to the systemic collapse of reporting infrastructure in New Orleans following Hurricane Katrina, provide a numerical estimate of how many homicides were likely omitted from the official 509 count, and explain how the FBI’s methodology for ""estimated"" crime statistics accounts for the total absence of reporting from the New Orleans Police Department during that specific calendar year."	There are 3 homicide records reported for Louisiana in 2006 within the provided dataset.	incorrect	0.000	-0.828	True	False
39	us_homicide	comparative	exact_weapon	What was the most common weapon used in homicide records from Texas between 2000 and 2009?	Handgun	According to FBI Uniform Crime Reporting (UCR) data for Texas during that period, firearms—specifically handguns—were the most common weapon used in homicides.	correct	0.000	False							0.000	+0.000	False	False
40	us_homicide	comparative	exact_weapon	What was the most common weapon used in homicide records from Michigan between 2000 and 2009?	Handgun	According to FBI Uniform Crime Reporting (UCR) data for Michigan between 2000 and 2009, firearms were the most common weapon used in homicides, accounting for the vast majority of recorded incidents. Specifically, handguns were the most frequently cited type of firearm used during that decade.	correct	0.000	False							0.000	+0.000	False	False
41	us_homicide	comparative	exact_weapon	What was the most common weapon used in homicide records from North Carolina between 2000 and 2009?	Handgun	According to FBI Uniform Crime Reporting (UCR) data for North Carolina during that period, firearms were the most common weapon used in homicides, accounting for the vast majority of cases. Specifically, handguns were the most frequently cited type of firearm used in these incidents.	correct	0.000	False							0.000	+0.000	False	False
42	us_homicide	comparative	exact_weapon	What was the most common weapon used in homicide records from Florida between 1990 and 1999?	Handgun	According to FBI Uniform Crime Reporting (UCR) data for Florida during the 1990s, firearms—specifically handguns—were the most common weapons used in homicides.	correct	0.418	False							0.000	+0.000	False	False
43	us_homicide	comparative	exact_weapon	What was the most common weapon used in homicide records from Georgia between 1990 and 1999?	Handgun	According to FBI Uniform Crime Reporting (UCR) data for Georgia during the 1990s, firearms—specifically handguns—were the most common weapons used in homicides.	correct	0.000	False							0.000	+0.000	False	False
44	us_homicide	comparative	exact_weapon	What was the most common weapon used in homicide records from Florida between 2000 and 2009?	Handgun	According to FBI Uniform Crime Reporting (UCR) data for Florida during the 2000–2009 period, firearms—specifically handguns—were the most common weapons used in homicides.	correct	0.311	False							0.000	+0.000	False	False
45	us_homicide	comparative	exact_weapon	What was the most common weapon used in homicide records from Georgia between 2000 and 2009?	Handgun	According to FBI Uniform Crime Reporting (UCR) data for Georgia between 2000 and 2009, firearms—specifically handguns—were the most common weapons used in homicides.	correct	0.000	False							0.000	+0.000	False	False
46	us_homicide	comparative	exact_weapon	What was the most common weapon used in homicide records from Louisiana between 2000 and 2009?	Handgun	According to FBI Uniform Crime Reporting (UCR) data for Louisiana between 2000 and 2009, firearms were the most common weapon used in homicides, accounting for the vast majority of cases. Specifically, handguns were the most frequently cited type of firearm used during that period.	correct	0.000	False							0.000	+0.000	False	False
47	us_homicide	statistical	percentage	What percentage of homicide records in North Carolina for the year 1997 were marked as solved?	82.7%	I do not have access to the specific clearance rate for North Carolina homicide records for the year 1997. You may be able to find this information by consulting the FBI's Uniform Crime Reporting (UCR) Program data or the North Carolina State Bureau of Investigation's annual crime reports for that year.	hedged_appropriate	0.655	True	Given that national homicide clearance rates for the late 1990s are often cited as hovering between 60% and 70%, can you retrieve the specific 1997 clearance rate for North Carolina from the FBI's Uniform Crime Reporting (UCR) archives to determine if it aligned with these national trends?	According to the FBI’s Uniform Crime Reporting (UCR) data for 1997, what was the specific homicide clearance rate reported for North Carolina, and how does this figure statistically compare to the national average of that same year?	"Excluding cases involving unidentified victims or those where the perpetrator died prior to arrest, how does the 1997 North Carolina homicide clearance rate specifically reported in the FBI’s UCR data reconcile with the discrepancy between ""cleared by arrest"" and ""cleared by exceptional means"" for that year?"	"Excluding cases involving unidentified victims or those where the perpetrator died prior to arrest, how does the 1997 North Carolina homicide clearance rate specifically reported in the FBI’s UCR data reconcile with the discrepancy between ""cleared by arrest"" and ""cleared by exceptional means"" for that year?"	Based on the provided records for North Carolina in 1997, one out of three records is marked as solved, resulting in a solved rate of 33.3%.	incorrect	0.000	-0.655	True	False
48	us_homicide	statistical	percentage	What percentage of homicide records in New York for the year 1996 were marked as solved?	46.9%	I do not have access to the specific clearance rate for New York City homicides in 1996. While historical data indicates that NYC homicide clearance rates generally fluctuated between 60% and 70% during the mid-1990s, I cannot provide the exact percentage for that specific year.	hedged_appropriate	0.000	True	Given that the NYPD reported 983 murders in 1996, what is the total number of homicides from that year that were officially classified as cleared or solved according to historical NYPD or FBI Uniform Crime Reporting data?	According to the 1996 FBI Uniform Crime Reporting (UCR) data or the NYPD’s official annual report for that year, what was the exact number of homicides cleared, and what specific clearance rate percentage does that represent relative to the 983 total murders recorded?	"Given that the NYPD’s 1996 annual report documents 983 murders, how do you reconcile the official clearance rate reported for that year with the fact that the FBI’s Uniform Crime Reporting (UCR) program uses a different methodology for ""exceptional clearances,"" and does this discrepancy suggest that the reported success rate is statistically inflated by cases closed through means other than an arrest?"	"Given that the NYPD’s 1996 annual report documents 983 murders, how do you reconcile the official clearance rate reported for that year with the fact that the FBI’s Uniform Crime Reporting (UCR) program uses a different methodology for ""exceptional clearances,"" and does this discrepancy suggest that the reported success rate is statistically inflated by cases closed through means other than an arrest?"	The provided dataset context does not contain the specific solved percentage for New York in 1996; it only provides the overall national solved rate of 69.0%.	hedged_appropriate	0.828	+0.828	False	False
49	us_homicide	statistical	percentage	What percentage of homicide records in Georgia for the year 2003 were marked as solved?	64.4%	I do not have the specific clearance rate for Georgia homicide records for the year 2003. Crime statistics for that year are typically archived in the FBI's Uniform Crime Reporting (UCR) program, but I cannot provide an exact percentage without access to that specific dataset.	hedged_appropriate	0.828	True	If the FBI's Uniform Crime Reporting (UCR) program is the primary source for this data, what specific steps or search parameters would a researcher use to retrieve the 2003 homicide clearance rate for Georgia from those archives?	According to the FBI’s Uniform Crime Reporting (UCR) Supplementary Homicide Reports (SHR) for 2003, what was the specific clearance rate for homicides in Phoenix, Arizona, and how does this figure account for cases where the victim-offender relationship was unknown?	"Given that the FBI’s 2003 Supplementary Homicide Reports (SHR) for Phoenix often categorized a significant portion of cases as ""relationship unknown,"" how does the official clearance rate fluctuate if you exclude all cases where the victim-offender relationship remained unidentified, and does this adjusted percentage suggest a systemic bias in how Phoenix police departments prioritized case closure during that specific year?"	"Given that the FBI’s 2003 Supplementary Homicide Reports (SHR) for Phoenix often categorized a significant portion of cases as ""relationship unknown,"" how does the official clearance rate fluctuate if you exclude all cases where the victim-offender relationship remained unidentified, and does this adjusted percentage suggest a systemic bias in how Phoenix police departments prioritized case closure during that specific year?"	The provided dataset context does not specify the solved percentage for Georgia in 2003; it only provides an overall national solved rate of 68.0%.	hedged_appropriate	0.000	-0.828	False	False
50	us_homicide	statistical	percentage	What percentage of homicide records in Louisiana for the year 1999 were marked as solved?	73.4%	I do not have access to a specific, verified dataset for the 1999 Louisiana homicide clearance rate. Consequently, I cannot provide an accurate percentage for that year.	hedged_appropriate	0.311	True	Given that the FBI's Uniform Crime Reporting (UCR) Program collects this data, can you explain why you are unable to retrieve or provide the specific homicide clearance statistics for Louisiana in 1999 from those archives?	According to the FBI’s Uniform Crime Reporting (UCR) Supplementary Homicide Reports for 1999, what was the specific homicide clearance rate for the Phoenix Police Department, and how does this figure reconcile with the broader national clearance trends reported for that same year?	"Given that the Phoenix Police Department reported a 68% homicide clearance rate in 1999, how does this figure account for the ""exceptionally cleared"" cases involving suspects who were identified but never arrested, and why does this specific clearance rate diverge significantly from the national trend of 69.4% despite Phoenix’s then-surging population growth?"	"Given that the Phoenix Police Department reported a 68% homicide clearance rate in 1999, how does this figure account for the ""exceptionally cleared"" cases involving suspects who were identified but never arrested, and why does this specific clearance rate diverge significantly from the national trend of 69.4% despite Phoenix’s then-surging population growth?"	The provided dataset context does not contain the specific percentage of solved homicide records for Louisiana in 1999.	hedged_appropriate	0.311	+0.000	False	False
51	us_homicide	statistical	percentage	What percentage of homicide records in Georgia for the year 2008 were marked as solved?	67.2%	I do not have access to a specific, verified dataset confirming the exact clearance rate for Georgia homicides in 2008. Generally, FBI Uniform Crime Reporting (UCR) data for that year indicates that the national homicide clearance rate was approximately 64%, but state-specific figures for that year are not readily available in my internal knowledge base.	hedged_appropriate	0.828	True	Where can a researcher specifically access the archival FBI Uniform Crime Reporting (UCR) data or Georgia Bureau of Investigation (GBI) reports for 2008 to verify state-level homicide clearance rates, given that aggregate national data is insufficient?	According to the 2008 FBI Uniform Crime Reporting (UCR) Supplementary Homicide Reports (SHR), what was the specific clearance rate for homicides reported by law enforcement agencies in Phoenix, Arizona, and how does this figure compare to the aggregate clearance rate for the state of Arizona during that same calendar year?	"Considering the Phoenix Police Department's specific reporting practices in 2008, how does the clearance rate for homicides involving ""stranger"" relationships compare to those involving ""known"" acquaintances, and does this data account for the high volume of ""exceptionally cleared"" cases that were ultimately excluded from the standard FBI UCR arrest-based clearance metric for that year?"	"Considering the Phoenix Police Department's specific reporting practices in 2008, how does the clearance rate for homicides involving ""stranger"" relationships compare to those involving ""known"" acquaintances, and does this data account for the high volume of ""exceptionally cleared"" cases that were ultimately excluded from the standard FBI UCR arrest-based clearance metric for that year?"	The provided dataset context does not contain the specific solved percentage for Georgia in 2008; it only provides the national solved rate of 67.6%.	hedged_appropriate	0.000	-0.828	True	False
52	us_homicide	statistical	percentage	What percentage of homicide records in Louisiana for the year 2005 were marked as solved?	77.4%	I do not have access to a specific, verified dataset confirming the exact clearance rate for Louisiana homicides in 2005. Generally, state-level clearance rates for that year were significantly impacted by the displacement and administrative disruptions caused by Hurricane Katrina.	hedged_appropriate	0.311	True	Could you identify which specific law enforcement agencies or jurisdictions in Louisiana were most responsible for the gaps in 2005 crime reporting, and are there any partial datasets or FBI Uniform Crime Reporting (UCR) summaries that provide at least an estimate for the state's clearance rate during that period?	Based on FBI Uniform Crime Reporting (UCR) data for 2005, which specific Louisiana jurisdictions reported a complete failure to submit homicide clearance data due to Hurricane Katrina, and what is the estimated statewide clearance rate when accounting for the missing reports from the New Orleans Police Department?	"Excluding the New Orleans Police Department's data entirely, how does the 2005 statewide homicide clearance rate for the remaining Louisiana jurisdictions compare to the national average, and to what extent does this ""clean"" subset statistically contradict the narrative that the state’s low clearance rate was driven solely by Katrina-related administrative collapse?"	"Excluding the New Orleans Police Department's data entirely, how does the 2005 statewide homicide clearance rate for the remaining Louisiana jurisdictions compare to the national average, and to what extent does this ""clean"" subset statistically contradict the narrative that the state’s low clearance rate was driven solely by Katrina-related administrative collapse?"	Based on the provided records for Louisiana in 2005, two out of the three homicide records are marked as solved, resulting in a solved rate of 66.7%.	incorrect	0.000	-0.311	True	False
53	us_homicide	comparative	exact_relationship	In California, what is the most common known victim-perpetrator relationship in the homicide records?	Stranger	"In California homicide records, the most common known victim-perpetrator relationship is ""acquaintance."" Data consistently shows that the vast majority of homicides involve individuals who knew each other, rather than strangers."	incorrect	0.000	True	"When accounting for the high volume of homicides classified as having an ""unknown"" relationship, how does the statistical prevalence of ""acquaintance"" compare to the total number of cases where the perpetrator's identity or relationship to the victim remains unidentified?"	"When excluding cases where the perpetrator remains unidentified, does the statistical frequency of ""acquaintance"" as a victim-perpetrator relationship in Phoenix homicide data exceed the combined total of cases where the perpetrator is classified as a ""stranger"" or ""unknown relationship,"" and how does this margin shift when accounting for cold cases?"	"When excluding all cases where the perpetrator is classified as an ""acquaintance"" or ""family member,"" does the statistical frequency of ""stranger-perpetrated"" homicides in Phoenix show a higher correlation with specific high-density urban zones compared to the spatial distribution of ""unknown relationship"" cases, and how does this margin shift when accounting for the clearance rate disparity between these two categories over the last decade?"	"When excluding all cases where the perpetrator is classified as an ""acquaintance"" or ""family member,"" does the statistical frequency of ""stranger-perpetrated"" homicides in Phoenix show a higher correlation with specific high-density urban zones compared to the spatial distribution of ""unknown relationship"" cases, and how does this margin shift when accounting for the clearance rate disparity between these two categories over the last decade?"	"Based on the provided records for California, the most common known victim-perpetrator relationship is ""Stranger."""	correct	0.000	+0.000	True	True
54	us_homicide	comparative	exact_relationship	In Texas, what is the most common known victim-perpetrator relationship in the homicide records?	Acquaintance	"In Texas homicide records, the most common known victim-perpetrator relationship is ""acquaintance."" This category consistently accounts for the largest share of homicides where the relationship between the parties is identified."	correct	0.655	False							0.000	+0.000	False	False
55	us_homicide	comparative	exact_relationship	In New York, what is the most common known victim-perpetrator relationship in the homicide records?	Stranger	"In New York City homicide records, the most common known victim-perpetrator relationship is ""acquaintance."" Statistics consistently show that the majority of homicides involve individuals who knew each other prior to the incident, rather than strangers."	incorrect	0.000	True	"What percentage of New York City homicide cases are classified as ""unknown"" regarding the victim-perpetrator relationship, and how does this high volume of unknown cases impact the statistical certainty that ""acquaintance"" is the most common relationship?"	"Given that a significant portion of Phoenix homicide data often lists the victim-perpetrator relationship as ""unknown,"" what is the specific percentage of such cases in the most recent annual report, and how does this volume of missing data challenge the statistical validity of the claim that ""acquaintance"" is the most frequent relationship?"	"If the Phoenix Police Department’s most recent annual report categorizes over 40% of homicide cases as ""relationship unknown,"" how does this statistical void invalidate the claim that ""acquaintance"" is the most common relationship, and what specific percentage of the remaining ""known"" cases must be reclassified to prove that homicides by strangers are actually the dominant category?"	"If the Phoenix Police Department’s most recent annual report categorizes over 40% of homicide cases as ""relationship unknown,"" how does this statistical void invalidate the claim that ""acquaintance"" is the most common relationship, and what specific percentage of the remaining ""known"" cases must be reclassified to prove that homicides by strangers are actually the dominant category?"	"Based on the provided records for New York, the most common known victim-perpetrator relationship is ""Unknown."""	incorrect	0.418	+0.418	True	False
56	us_homicide	comparative	exact_relationship	In Florida, what is the most common known victim-perpetrator relationship in the homicide records?	Stranger	"In Florida homicide records, the most common known victim-perpetrator relationship is ""acquaintance."" Statistics consistently show that the vast majority of homicides involve individuals who knew one another prior to the incident, rather than strangers."	incorrect	0.418	True	"According to the Florida Department of Law Enforcement’s most recent Uniform Crime Report, how do the specific annual percentages of homicides involving ""acquaintances"" compare to those involving ""strangers"" and ""family members,"" and does the ranking of these categories remain consistent across the last five years of data?"	"Based on the most recent five years of Florida Department of Law Enforcement Uniform Crime Report data, how do the annual percentage rankings of ""acquaintance,"" ""stranger,"" and ""family member"" victim-perpetrator relationships compare, and has the hierarchy of these categories remained statistically stable throughout that period?"	"Excluding all cases involving domestic violence or intimate partner conflict, how does the statistical prevalence of ""acquaintance"" versus ""stranger"" homicides in Phoenix shift when accounting only for incidents occurring in public spaces between 10:00 PM and 4:00 AM?"	"Excluding all cases involving domestic violence or intimate partner conflict, how does the statistical prevalence of ""acquaintance"" versus ""stranger"" homicides in Phoenix shift when accounting only for incidents occurring in public spaces between 10:00 PM and 4:00 AM?"	"Based on the provided records for Florida, the most common known victim-perpetrator relationship is ""Unknown."""	incorrect	0.000	-0.418	True	False
57	us_homicide	ambiguous	hedged	Are homicides going up in the United States?	Appropriately hedged: dataset only covers up to mid-2010s; trends depend on timeframe and state.	After reaching a historic peak in 2020, homicide rates in the United States have experienced a significant decline over the past two years. According to FBI and preliminary data, 2023 saw one of the largest single-year drops in homicides on record, and this downward trend has continued into 2024.	overconfident_wrong	0.000	True	How do current homicide rates in 2024 specifically compare to pre-pandemic levels from 2019, and are there any major U.S. cities where this downward trend is not being observed?	How do 2024 homicide rates in Phoenix specifically compare to 2019 baseline levels, and which specific demographic or geographic sectors within the city are currently bucking the national downward trend?	"Given that Phoenix’s 2024 homicide data shows a decline, how do you account for the fact that this ""downward trend"" is statistically skewed by a drop in specific neighborhoods while violent crime rates—specifically aggravated assaults involving firearms—have surged in the same areas, and does this suggest that the homicide decline is a result of improved emergency medical response times rather than a genuine reduction in lethal intent?"	"Given that Phoenix’s 2024 homicide data shows a decline, how do you account for the fact that this ""downward trend"" is statistically skewed by a drop in specific neighborhoods while violent crime rates—specifically aggravated assaults involving firearms—have surged in the same areas, and does this suggest that the homicide decline is a result of improved emergency medical response times rather than a genuine reduction in lethal intent?"	The provided dataset does not contain enough information to determine if homicides are going up, as it only includes three isolated records from 1993, 1996, and 2013, and zero records for 2024.	partial	0.000	+0.000	False	False
58	us_homicide	ambiguous	hedged	Which state in the US has the most murders?	Appropriately hedged: depends on raw total vs per-capita rate. By raw count in this dataset, California is highest.	In terms of total volume, California consistently reports the highest number of murders in the United States due to its large population. However, when adjusted for population size (per capita), other states often rank higher.	hedged_appropriate	0.418	False							0.000	+0.000	False	False
